City_ID,City,Country,Date,Lat,Lng,Max Temp,Humidity,Cloudiness,Wind Speed
0,Barrow,US,2021-06-28 20:41:19,71.2906,-156.7887,33.82,80,90,9.22
1,Sao Gabriel Da Cachoeira,BR,2021-06-28 20:41:20,-0.1303,-67.0892,79.77,89,78,0.78
2,Jamestown,US,2021-06-28 20:41:09,42.097,-79.2353,89.1,83,75,6.91
3,Mahon,ES,2021-06-28 20:41:20,39.8885,4.2658,73.96,83,0,4.61
4,Cape Town,ZA,2021-06-28 20:41:20,-33.9258,18.4232,52.09,91,75,4.61
5,Nikolskoye,RU,2021-06-28 20:41:21,59.7035,30.7861,69.69,89,100,8.37
6,Kapaa,US,2021-06-28 20:41:21,22.0752,-159.319,84.52,70,40,4.0
7,Hilo,US,2021-06-28 20:41:22,19.7297,-155.09,83.25,62,20,6.91
8,Bluff,NZ,2021-06-28 20:41:22,-46.6,168.3333,41.81,55,15,20.22
9,Bathsheba,BB,2021-06-28 20:41:23,13.2167,-59.5167,86.61,58,40,21.85
10,Mataura,NZ,2021-06-28 20:41:23,-46.1927,168.8643,41.49,80,21,6.02
11,Bethel,US,2021-06-28 20:41:23,41.3712,-73.414,96.1,59,1,12.66
12,Mar Del Plata,AR,2021-06-28 20:41:08,-38.0023,-57.5575,49.12,62,90,18.99
13,Rudbar,AF,2021-06-28 20:41:24,30.15,62.6,86.95,10,0,4.52
14,Tonj,SS,2021-06-28 20:41:24,7.2737,28.6822,74.52,85,97,6.46
15,Cherskiy,RU,2021-06-28 20:41:25,68.75,161.3,77.92,33,67,10.87
16,Atuona,PF,2021-06-28 20:41:25,-9.8,-139.0333,79.2,71,0,20.45
17,Qaqortoq,GL,2021-06-28 20:41:25,60.7167,-46.0333,50.5,97,100,4.76
18,Nemuro,JP,2021-06-28 20:41:26,43.3236,145.575,53.89,95,100,5.66
19,Sibolga,ID,2021-06-28 20:41:26,1.7427,98.7792,74.5,90,81,2.75
20,Tura,IN,2021-06-28 20:41:26,25.5198,90.2201,74.44,98,93,6.38
21,Biak,ID,2021-06-28 20:41:27,-0.9131,122.8766,74.46,86,25,5.95
22,Narsaq,GL,2021-06-28 20:41:27,60.9167,-46.05,50.22,98,100,5.5
23,Busselton,AU,2021-06-28 20:41:27,-33.65,115.3333,51.08,77,100,20.2
24,Nizhnyaya Tavda,RU,2021-06-28 20:41:28,57.6731,66.1725,63.25,72,63,6.55
25,Carnarvon,AU,2021-06-28 20:41:28,-24.8667,113.6333,51.87,68,75,4.61
26,Faanui,PF,2021-06-28 20:41:28,-16.4833,-151.75,80.74,69,80,16.62
27,Aranos,NA,2021-06-28 20:41:29,-24.1333,19.1167,59.43,25,1,9.57
28,Atasu,KZ,2021-06-28 20:41:29,48.6814,71.6433,70.48,45,0,5.59
29,Tasiilaq,GL,2021-06-28 20:41:29,65.6145,-37.6368,41.16,95,100,14.03
30,Ushuaia,AR,2021-06-28 20:41:30,-54.8,-68.3,42.46,70,20,13.8
31,Norman Wells,CA,2021-06-28 20:41:30,65.282,-126.8329,82.44,39,20,11.5
32,Rikitea,PF,2021-06-28 20:41:31,-23.1203,-134.9692,74.71,73,100,7.9
33,Ponta Do Sol,PT,2021-06-28 20:41:31,32.6667,-17.1,72.23,72,0,2.21
34,Longyearbyen,SJ,2021-06-28 20:41:31,78.2186,15.6401,40.84,75,75,16.11
35,Mahebourg,MU,2021-06-28 20:41:32,-20.4081,57.7,71.89,78,20,10.36
36,Oussouye,SN,2021-06-28 20:41:32,12.485,-16.5469,87.98,81,31,9.57
37,Roald,NO,2021-06-28 20:41:32,62.5833,6.1333,57.16,82,75,4.61
38,San Patricio,US,2021-06-28 20:41:33,28.017,-97.5169,89.58,54,96,9.62
39,Codrington,AU,2021-06-28 20:41:33,-38.2667,141.9667,41.97,88,99,9.4
40,Edd,ER,2021-06-28 20:41:33,13.9297,41.6925,90.43,56,82,5.41
41,Kavaratti,IN,2021-06-28 20:41:34,10.5669,72.642,82.17,78,40,13.94
42,Yellowknife,CA,2021-06-28 20:37:48,62.456,-114.3525,75.72,38,20,5.99
43,Dubrovnik,HR,2021-06-28 20:41:34,42.6481,18.0922,82.04,36,0,9.22
44,Homer,US,2021-06-28 20:38:02,59.6425,-151.5483,58.05,82,40,11.5
45,Ancud,CL,2021-06-28 20:41:35,-41.8697,-73.8203,47.73,80,80,7.76
46,Georgetown,MY,2021-06-28 20:41:35,5.4112,100.3354,80.53,87,40,5.01
47,Rocha,UY,2021-06-28 20:41:35,-34.4833,-54.3333,44.01,93,100,23.85
48,Muroto,JP,2021-06-28 20:41:36,33.2833,134.15,73.9,84,45,6.78
49,Airai,TL,2021-06-28 20:41:36,-8.9266,125.4092,53.94,79,8,4.0
50,Portland,US,2021-06-28 20:41:27,45.5234,-122.6762,116.46,21,1,5.01
51,Jaciara,BR,2021-06-28 20:41:37,-15.9653,-54.9683,61.29,68,96,10.2
52,Ocampo,MX,2021-06-28 20:41:37,21.65,-101.5,71.28,58,100,5.21
53,Kavieng,PG,2021-06-28 20:41:37,-2.5744,150.7967,81.36,77,100,9.82
54,San Felipe,VE,2021-06-28 20:41:38,10.3399,-68.7425,80.53,77,99,7.65
55,Giyani,ZA,2021-06-28 20:41:38,-23.3025,30.7187,65.44,38,3,4.54
56,Sembakung,ID,2021-06-28 20:41:38,3.8167,117.25,71.82,99,44,1.19
57,Tazovskiy,RU,2021-06-28 20:41:39,67.4667,78.7,39.99,87,100,15.39
58,Beloha,MG,2021-06-28 20:41:39,-25.1667,45.05,63.32,78,0,5.82
59,Kahului,US,2021-06-28 20:41:39,20.8947,-156.47,84.94,61,20,18.41
60,Constitucion,CL,2021-06-28 20:41:40,-35.3333,-72.4167,53.49,56,11,4.74
61,Hamilton,US,2021-06-28 20:38:55,39.1834,-84.5333,92.95,60,40,4.0
62,Khatanga,RU,2021-06-28 20:41:40,71.9667,102.5,44.01,79,98,16.69
63,Chase,CA,2021-06-28 20:41:41,50.8165,-119.6857,113.4,19,1,3.98
64,Hobart,AU,2021-06-28 20:41:41,-42.8794,147.3294,40.26,95,20,1.01
65,Alexandria,EG,2021-06-28 20:41:41,31.2156,29.9553,77.54,83,0,11.5
66,Hermanus,ZA,2021-06-28 20:41:42,-34.4187,19.2345,50.9,74,100,7.76
67,Bredasdorp,ZA,2021-06-28 20:41:42,-34.5322,20.0403,49.32,81,100,6.91
68,Port Alfred,ZA,2021-06-28 20:41:42,-33.5906,26.891,57.9,82,45,13.56
69,Lincoln,US,2021-06-28 20:39:29,40.8,-96.667,87.3,54,1,4.0
70,Arraial Do Cabo,BR,2021-06-28 20:41:43,-22.9661,-42.0278,75.16,73,0,4.61
71,Nyurba,RU,2021-06-28 20:41:43,63.2842,118.3319,61.05,81,100,1.9
72,Khudumelapye,BW,2021-06-28 20:41:43,-23.8833,24.75,58.3,29,3,6.82
73,Saint-Philippe,RE,2021-06-28 20:41:44,-21.3585,55.7679,69.39,81,39,12.12
74,Jining,CN,2021-06-28 20:41:44,35.405,116.5814,80.01,1,94,7.76
75,Marawi,PH,2021-06-28 20:41:44,7.9986,124.2928,68.65,95,25,2.19
76,Albany,US,2021-06-28 20:37:25,42.6001,-73.9662,95.04,55,99,1.01
77,Punta Arenas,CL,2021-06-28 20:41:45,-53.15,-70.9167,44.71,76,0,9.22
78,Mahajanga,MG,2021-06-28 20:41:45,-15.7167,46.3167,69.82,88,20,1.14
79,Adwa,ET,2021-06-28 20:41:45,14.1646,38.8955,73.87,34,39,0.16
80,Asau,RO,2021-06-28 20:41:46,46.4333,26.4,65.32,93,10,4.03
81,New Norfolk,AU,2021-06-28 20:41:46,-42.7826,147.0587,39.9,89,6,2.84
82,Killybegs,IE,2021-06-28 20:41:46,54.6333,-8.45,56.91,89,12,6.6
83,Inhambane,MZ,2021-06-28 20:41:46,-23.865,35.3833,68.77,89,0,11.95
84,Manakara,MG,2021-06-28 20:41:47,-22.1333,48.0167,63.54,91,7,4.07
85,Saint-Francois,FR,2021-06-28 20:41:47,46.4154,3.9054,63.84,96,0,3.44
86,Oriximina,BR,2021-06-28 20:41:47,-1.7656,-55.8661,85.55,59,17,6.11
87,Asfi,MA,2021-06-28 20:41:48,32.2994,-9.2372,66.88,73,0,21.14
88,Mildura,AU,2021-06-28 20:41:48,-34.2,142.15,41.07,100,1,4.61
89,Along,IN,2021-06-28 20:41:49,28.1667,94.7667,74.53,100,100,0.76
90,Bambous Virieux,MU,2021-06-28 20:41:49,-20.3428,57.7575,71.85,78,20,10.36
91,Chegem,RU,2021-06-28 20:41:49,43.2833,43.1333,48.33,76,65,6.76
92,Taoudenni,ML,2021-06-28 20:41:50,22.6783,-3.9836,107.37,7,1,6.87
93,Soubre,CI,2021-06-28 20:41:50,5.7856,-6.6083,73.09,97,96,3.98
94,Fort Nelson,CA,2021-06-28 20:41:50,58.8053,-122.7002,83.79,37,20,2.3
95,Altay,CN,2021-06-28 20:41:51,47.8667,88.1167,53.78,50,48,3.78
96,Aquiraz,BR,2021-06-28 20:41:51,-3.9014,-38.3911,82.49,74,11,7.23
97,Takaka,NZ,2021-06-28 20:41:51,-40.85,172.8,36.97,74,7,5.91
98,Koumac,NC,2021-06-28 20:41:52,-20.5667,164.2833,72.5,81,10,9.19
99,Vaini,TO,2021-06-28 20:41:52,-21.2,-175.2,75.36,78,20,10.36
100,Aksarka,RU,2021-06-28 20:41:52,66.5606,67.7975,42.28,71,9,1.63
101,Sanjwal,PK,2021-06-28 20:41:53,33.7608,72.4336,88.95,23,0,3.51
102,Kocevje,SI,2021-06-28 20:41:53,45.6433,14.8633,72.52,64,4,3.94
103,Pathein,MM,2021-06-28 20:40:01,16.7833,94.7333,78.75,90,100,5.06
104,Palestina,PS,2021-06-28 20:41:53,31.9216,35.2033,74.93,48,0,4.68
105,Mongoumba,CF,2021-06-28 20:41:54,3.6415,18.5936,71.91,86,100,2.35
106,Muros,ES,2021-06-28 20:41:54,42.7762,-9.0603,61.23,82,28,7.96
107,Rosita,NI,2021-06-28 20:41:54,13.9268,-84.4032,80.83,90,92,4.92
108,Aripuana,BR,2021-06-28 20:41:55,-9.1667,-60.6333,79.7,67,91,0.98
109,Horsham,GB,2021-06-28 20:41:55,51.064,-0.3272,64.71,91,40,5.75
110,Vagur,FO,2021-06-28 20:41:55,61.4732,-6.8119,49.23,90,74,9.86
111,Mutis,CO,2021-06-28 20:41:56,6.2262,-77.4044,80.85,77,44,4.43
112,Port Keats,AU,2021-06-28 20:41:56,-14.25,129.55,64.87,53,11,8.3
113,Honningsvag,NO,2021-06-28 20:41:56,70.9821,25.9704,47.73,82,94,21.65
114,Talnakh,RU,2021-06-28 20:41:57,69.4865,88.3972,48.07,89,100,5.5
115,Lebu,CL,2021-06-28 20:41:57,-37.6167,-73.65,49.68,57,11,1.83
116,North Battleford,CA,2021-06-28 20:39:14,52.7834,-108.2847,84.29,37,1,11.5
117,Tuatapere,NZ,2021-06-28 20:41:58,-46.1333,167.6833,41.83,70,67,9.46
118,Cockburn Town,TC,2021-06-28 20:40:43,21.4612,-71.1419,84.16,65,40,16.11
119,Kenscoff,HT,2021-06-28 20:41:58,18.4506,-72.2869,78.94,38,40,12.66
120,Tupiza,BO,2021-06-28 20:41:58,-21.45,-65.7167,56.52,6,1,21.23
121,Tual,ID,2021-06-28 20:41:59,-5.6667,132.75,80.55,81,56,18.75
122,Yar-Sale,RU,2021-06-28 20:41:59,66.8333,70.8333,42.4,74,31,6.93
123,Thompson,CA,2021-06-28 20:39:36,55.7435,-97.8558,78.96,38,75,9.22
124,Yambio,SS,2021-06-28 20:41:59,4.5721,28.3955,68.0,97,93,6.13
125,Cabo San Lucas,MX,2021-06-28 20:42:00,22.8909,-109.9124,98.51,45,20,12.66
126,Itarema,BR,2021-06-28 20:42:00,-2.9248,-39.9167,78.19,76,8,8.32
127,Necochea,AR,2021-06-28 20:42:00,-38.5473,-58.7368,48.04,73,100,23.26
128,Port Hardy,CA,2021-06-28 20:42:01,50.6996,-127.4199,80.78,54,1,4.61
129,Souillac,MU,2021-06-28 20:42:01,-20.5167,57.5167,71.98,78,20,10.36
130,Ambilobe,MG,2021-06-28 20:42:01,-13.2,49.05,68.41,83,17,3.56
131,Lazaro Cardenas,MX,2021-06-28 20:37:26,17.9583,-102.2,80.38,81,99,10.8
132,Kodiak,US,2021-06-28 20:42:02,57.79,-152.4072,53.11,82,90,4.61
133,San Pedro,PH,2021-06-28 20:41:15,14.35,121.0167,78.35,91,20,3.44
134,Zarasai,LT,2021-06-28 20:42:02,55.7333,26.25,58.01,97,0,5.12
135,Avarua,CK,2021-06-28 20:42:03,-21.2078,-159.775,75.25,60,75,11.5
136,Tsumeb,NA,2021-06-28 20:42:03,-19.2333,17.7167,60.35,27,6,3.85
137,Doliana,GR,2021-06-28 20:42:03,39.9032,20.5794,74.16,40,0,3.6
138,Katobu,ID,2021-06-28 20:42:04,-4.9408,122.5276,72.9,97,98,4.23
139,Qianan,CN,2021-06-28 20:42:04,44.9932,124.0581,68.85,80,4,3.94
140,Lorengau,PG,2021-06-28 20:42:04,-2.0226,147.2712,81.72,78,90,5.75
141,Kieta,PG,2021-06-28 20:42:05,-6.2167,155.6333,79.48,83,95,8.57
142,Quatre Cocos,MU,2021-06-28 20:42:05,-20.2078,57.7625,71.71,76,3,12.84
143,Nanortalik,GL,2021-06-28 20:42:05,60.1432,-45.2371,40.86,98,100,4.76
144,Iqaluit,CA,2021-06-28 20:41:16,63.7506,-68.5145,42.53,93,75,8.01
145,Gat,IL,2021-06-28 20:42:06,31.61,34.7642,83.39,64,0,2.48
146,Samarai,PG,2021-06-28 20:42:06,-10.6167,150.6667,78.85,85,91,12.5
147,Maceio,BR,2021-06-28 20:40:37,-9.6658,-35.7353,78.24,69,40,10.36
148,Bahia Honda,CU,2021-06-28 20:42:07,22.9036,-83.1592,86.2,64,64,8.75
149,Castro,BR,2021-06-28 20:42:07,-24.7911,-50.0119,43.0,95,100,9.78
150,Luderitz,NA,2021-06-28 20:42:08,-26.6481,15.1594,57.87,69,4,5.84
151,Salalah,OM,2021-06-28 20:42:08,17.0151,54.0924,80.69,89,40,2.3
152,Westport,US,2021-06-28 20:42:08,41.1415,-73.3579,96.62,68,1,1.99
153,Puerto Ayora,EC,2021-06-28 20:42:09,-0.7393,-90.3518,78.76,84,77,7.0
154,Praia Da Vitoria,PT,2021-06-28 20:42:09,38.7333,-27.0667,71.85,78,20,11.27
155,Bengkulu,ID,2021-06-28 20:42:10,-3.8004,102.2655,74.23,91,90,4.9
156,La Asuncion,VE,2021-06-28 20:42:10,11.0333,-63.8628,81.1,76,5,18.99
157,Seoul,KR,2021-06-28 20:40:16,37.5683,126.9778,69.24,94,75,2.3
158,Diamantino,BR,2021-06-28 20:42:10,-14.4086,-56.4461,66.43,60,91,11.7
159,Cabedelo,BR,2021-06-28 20:42:11,-6.9811,-34.8339,77.67,70,16,16.4
160,Kargil,IN,2021-06-28 20:42:11,34.5667,76.1,52.93,53,11,6.13
161,Auki,SB,2021-06-28 20:42:11,-8.7676,160.7034,75.78,89,88,4.74
162,Pilar,BR,2021-06-28 20:42:12,-9.5972,-35.9567,76.93,85,1,4.09
163,Butaritari,KI,2021-06-28 20:42:12,3.0707,172.7902,81.84,78,100,13.2
164,Bassila,BJ,2021-06-28 20:42:12,9.0081,1.6654,76.64,76,52,6.98
165,San Policarpo,PH,2021-06-28 20:42:13,12.1791,125.5072,78.19,88,49,5.95
166,Raudeberg,NO,2021-06-28 20:42:13,61.9875,5.1352,58.6,86,100,4.7
167,Lagoa,PT,2021-06-28 20:42:14,39.05,-27.9833,69.12,85,4,10.94
168,Mount Isa,AU,2021-06-28 20:42:14,-20.7333,139.5,49.77,87,53,0.0
169,Kongolo,CD,2021-06-28 20:42:14,-5.3833,27.0,75.11,37,45,3.24
170,Harper,LR,2021-06-28 20:42:15,4.375,-7.7169,77.61,84,100,9.4
171,Vila Franca Do Campo,PT,2021-06-28 20:42:15,37.7167,-25.4333,70.21,91,7,5.37
172,Houma,US,2021-06-28 20:40:07,29.5958,-90.7195,84.99,80,75,8.05
173,Tuktoyaktuk,CA,2021-06-28 20:42:15,69.4541,-133.0374,60.8,77,40,16.11
174,Anadyr,RU,2021-06-28 20:42:16,64.75,177.4833,57.7,67,0,15.66
175,Hofn,IS,2021-06-28 20:42:16,64.2539,-15.2082,49.46,83,100,2.84
176,Saint George,US,2021-06-28 20:42:16,37.1041,-113.5841,102.63,14,1,1.99
177,Sajanan,TN,2021-06-28 20:42:17,37.0573,9.2426,75.47,80,77,4.41
178,Yerbogachen,RU,2021-06-28 20:42:17,61.2767,108.0108,54.09,95,84,4.36
179,Udachnyy,RU,2021-06-28 20:42:17,66.4167,112.4,58.48,47,78,5.32
180,Balaka,MW,2021-06-28 20:42:18,-14.9793,34.9558,63.03,53,1,1.81
181,Herat,AF,2021-06-28 20:42:18,34.5,62.0,77.31,18,0,10.85
182,Hithadhoo,MV,2021-06-28 20:42:18,-0.6,73.0833,82.22,73,70,8.68
183,Hayden,US,2021-06-28 20:38:31,47.766,-116.7866,104.36,24,1,10.36
184,Dikson,RU,2021-06-28 20:42:19,73.5069,80.5464,34.43,84,2,10.6
185,Qasigiannguit,GL,2021-06-28 20:42:19,68.8193,-51.1922,39.45,88,99,2.8
186,Leshukonskoye,RU,2021-06-28 20:42:19,64.8989,45.7622,62.73,96,100,4.05
187,Varnamo,SE,2021-06-28 20:42:20,57.186,14.04,65.28,68,16,5.64
188,Nuuk,GL,2021-06-28 20:42:20,64.1835,-51.7216,39.81,87,75,18.41
189,Hyeres,FR,2021-06-28 20:42:20,43.1167,6.1167,76.68,59,0,5.75
190,Ahipara,NZ,2021-06-28 20:42:21,-35.1667,173.1667,54.95,71,86,21.32
191,Ilulissat,GL,2021-06-28 20:42:21,69.2167,-51.1,39.22,87,75,10.36
192,Marienburg,PL,2021-06-28 20:42:21,54.0359,19.0266,63.88,90,0,3.6
193,Chara,RU,2021-06-28 20:42:22,56.9064,118.2631,62.91,90,100,0.89
194,Berlevag,NO,2021-06-28 20:42:22,70.8578,29.0864,48.2,87,0,6.91
195,Kondoa,TZ,2021-06-28 20:42:23,-4.9,35.7833,55.89,85,60,1.5
196,Kloulklubed,PW,2021-06-28 20:40:01,7.0419,134.2556,77.5,72,81,6.85
197,Issa,RU,2021-06-28 20:42:23,53.8705,44.8578,70.25,91,45,6.15
198,Leningradskiy,RU,2021-06-28 20:42:23,69.3833,178.4167,37.56,86,100,1.41
199,Lompoc,US,2021-06-28 20:42:24,34.6391,-120.4579,88.21,71,1,18.41
200,Pallasovka,RU,2021-06-28 20:42:24,50.05,46.8833,79.2,62,76,8.84
201,Santa Cruz,BO,2021-06-28 20:41:13,-17.8,-63.1667,55.45,44,90,21.85
202,Tarkwa,GH,2021-06-28 20:42:25,5.3064,-1.9847,73.96,95,100,4.05
203,Ribeira Grande,PT,2021-06-28 20:42:25,38.5167,-28.7,70.2,88,40,10.36
204,Upernavik,GL,2021-06-28 20:42:25,72.7868,-56.1549,35.76,85,100,5.12
205,Marsh Harbour,BS,2021-06-28 20:42:26,26.5412,-77.0636,82.56,71,14,12.68
206,Shubarshi,KZ,2021-06-28 20:42:26,48.5872,57.1869,81.25,35,2,6.6
207,Olavarria,AR,2021-06-28 20:42:26,-36.8927,-60.3225,43.93,74,97,15.17
208,Dhidhdhoo,MV,2021-06-28 20:39:25,6.8833,73.1,82.8,76,89,14.72
209,Sao Joao Da Barra,BR,2021-06-28 20:42:27,-21.6403,-41.0511,75.29,83,2,15.32
210,Sanford,US,2021-06-28 20:41:05,28.8006,-81.2731,94.32,54,1,8.99
211,Coquimbo,CL,2021-06-28 20:42:27,-29.9533,-71.3436,60.53,55,0,9.22
212,Grindavik,IS,2021-06-28 20:42:28,63.8424,-22.4338,49.95,93,90,16.11
213,Miramar,US,2021-06-28 20:42:28,25.9873,-80.2323,86.02,85,90,6.91
214,Yulara,AU,2021-06-28 20:42:28,-25.2406,130.9889,48.04,57,90,5.75
215,Mayo,US,2021-06-28 20:42:28,38.8876,-76.5119,95.23,69,1,1.99
216,Hay River,CA,2021-06-28 20:42:29,60.8156,-115.7999,73.36,49,40,5.75
217,Thinadhoo,MV,2021-06-28 20:42:29,0.5333,72.9333,82.26,73,48,9.53
218,Gobabis,NA,2021-06-28 20:42:29,-22.45,18.9667,57.54,27,3,11.3
219,Kushmurun,KZ,2021-06-28 20:42:30,52.4503,64.6311,66.87,63,26,6.38
220,The Valley,AI,2021-06-28 20:39:24,18.217,-63.0578,85.86,74,40,16.11
221,Vila Velha,BR,2021-06-28 20:40:52,-20.3297,-40.2925,78.96,59,0,11.5
222,Porto Walter,BR,2021-06-28 20:42:30,-8.2686,-72.7439,76.96,87,99,1.19
223,Gimli,CA,2021-06-28 20:42:31,50.6336,-96.9907,79.43,60,0,13.8
224,Chokurdakh,RU,2021-06-28 20:42:31,70.6333,147.9167,43.23,77,100,12.39
225,Chuy,UY,2021-06-28 20:42:31,-33.6971,-53.4616,44.33,85,100,21.72
226,Yatou,CN,2021-06-28 20:42:32,37.15,122.3833,68.27,96,30,5.57
227,Vostok,RU,2021-06-28 20:42:32,46.4856,135.8833,60.71,92,27,2.15
228,Skeldon,GY,2021-06-28 20:42:32,5.8833,-57.1333,79.52,82,69,6.46
229,Camana,PE,2021-06-28 20:42:33,-16.6228,-72.7111,64.72,76,28,7.27
230,Taltal,CL,2021-06-28 20:42:33,-25.4,-70.4833,66.22,54,0,5.44
231,Kirkuk,IQ,2021-06-28 20:38:27,35.4681,44.3922,94.32,11,0,5.19
232,Saldanha,ZA,2021-06-28 20:42:33,-33.0117,17.9442,51.85,88,100,7.49
233,Kalamazoo,US,2021-06-28 20:42:34,42.2506,-85.55,86.29,61,40,13.8
234,Urbino,IT,2021-06-28 20:42:34,43.7298,12.6356,75.29,49,1,6.6
235,Kushiro,JP,2021-06-28 20:42:34,42.975,144.3747,56.95,96,100,4.21
236,Lata,PT,2021-06-28 20:42:35,40.1629,-8.3327,59.92,89,8,4.47
237,Srednekolymsk,RU,2021-06-28 20:42:35,67.45,153.6833,84.16,25,2,15.05
238,Ban Chang,TH,2021-06-28 20:42:35,12.7254,101.0553,86.43,94,20,3.44
239,San Ramon,US,2021-06-28 20:42:36,37.7799,-121.978,92.62,48,1,5.01
240,Umm Lajj,SA,2021-06-28 20:42:36,25.0213,37.2685,90.27,36,0,8.48
241,Shingu,JP,2021-06-28 20:42:36,33.7333,135.9833,71.91,93,100,2.59
242,Sur,OM,2021-06-28 20:42:37,22.5667,59.5289,85.71,59,0,10.31
243,Alyangula,AU,2021-06-28 20:42:37,-13.8483,136.4192,60.67,100,12,0.0
244,Puerto Madero,MX,2021-06-28 20:42:37,14.7208,-92.4215,83.61,70,78,7.16
245,Port Blair,IN,2021-06-28 20:39:04,11.6667,92.75,81.48,79,100,6.71
246,Khani,GE,2021-06-28 20:42:38,41.9563,42.9566,63.97,99,95,1.63
247,Kenai,US,2021-06-28 20:42:38,60.5544,-151.2583,57.29,81,90,13.8
248,Hasaki,JP,2021-06-28 20:42:38,35.7333,140.8333,68.4,97,100,22.21
249,Aklavik,CA,2021-06-28 20:42:39,68.2191,-135.0107,75.92,35,40,8.05
250,Ayr,GB,2021-06-28 20:39:26,55.4627,-4.6339,66.09,77,0,5.75
251,Mogadishu,SO,2021-06-28 20:41:53,2.0371,45.3438,76.98,87,79,14.94
252,Kruisfontein,ZA,2021-06-28 20:42:39,-34.0033,24.7314,54.88,83,100,12.17
253,Sola,VU,2021-06-28 20:42:40,-13.8833,167.55,79.54,75,22,8.03
254,Liverpool,GB,2021-06-28 20:41:07,53.4106,-2.9779,61.43,77,100,3.56
255,Vestmannaeyjar,IS,2021-06-28 20:42:40,63.4427,-20.2734,50.99,87,20,12.66
256,Jacareacanga,BR,2021-06-28 20:42:40,-6.2222,-57.7528,84.78,63,69,0.87
257,Sarangani,PH,2021-06-28 20:42:41,5.4033,125.4636,81.73,76,10,3.65
258,Pangnirtung,CA,2021-06-28 20:42:41,66.1451,-65.7125,44.6,70,90,17.27
259,Omidiyeh,IR,2021-06-28 20:42:42,30.7597,49.705,87.55,31,53,5.77
260,Jiayuguan,CN,2021-06-28 20:42:42,39.8167,98.3,63.1,28,0,2.19
261,Basco,PH,2021-06-28 20:42:42,20.4487,121.9702,83.77,84,100,22.79
262,Dunedin,NZ,2021-06-28 20:42:42,-45.8742,170.5036,43.81,45,85,32.01
263,Ostrovnoy,RU,2021-06-28 20:42:43,68.0531,39.5131,57.2,74,93,5.88
264,Kitzbuhel,AT,2021-06-28 20:42:43,47.4464,12.3922,69.58,73,99,6.38
265,Haines Junction,CA,2021-06-28 20:42:43,60.7522,-137.5108,71.55,43,100,4.61
266,Pangody,RU,2021-06-28 20:42:44,65.85,74.4859,42.48,72,28,12.3
267,Camalu,MX,2021-06-28 20:42:44,30.85,-116.0667,76.42,65,5,9.62
268,Gisborne,NZ,2021-06-28 20:42:44,-38.6533,178.0042,43.95,88,59,17.83
269,Sambava,MG,2021-06-28 20:42:45,-14.2667,50.1667,69.37,88,14,9.62
270,Ponta Delgada,PT,2021-06-28 20:42:45,37.7333,-25.6667,70.52,100,40,5.75
271,Katangli,RU,2021-06-28 20:42:45,51.7102,143.2326,47.17,83,22,12.68
272,Atar,MR,2021-06-28 20:42:46,20.5169,-13.0499,98.58,9,23,11.3
273,Dire,ML,2021-06-28 20:42:46,12.2833,-10.9667,72.63,82,99,5.59
274,Baymak,RU,2021-06-28 20:42:46,52.5933,58.3225,65.1,82,100,1.3
275,Kirakira,SB,2021-06-28 20:42:47,-10.4544,161.9205,78.64,78,100,5.91
276,Guerrero Negro,MX,2021-06-28 20:42:47,27.9769,-114.0611,76.53,53,4,14.88
277,Bozhou,CN,2021-06-28 20:42:47,33.8772,115.7703,78.01,73,52,3.87
278,Balkanabat,TM,2021-06-28 20:42:48,39.5108,54.3671,94.12,18,4,6.04
279,Ocos,GT,2021-06-28 20:42:48,14.5094,-92.1933,84.72,69,43,6.2
280,Saskylakh,RU,2021-06-28 20:42:48,71.9167,114.0833,41.23,69,100,9.8
281,Kalavad,IN,2021-06-28 20:42:49,22.2167,70.3833,83.97,66,99,12.97
282,Bayonne,FR,2021-06-28 20:42:49,43.3333,-1.4167,64.89,72,90,21.85
283,Olafsvik,IS,2021-06-28 20:42:49,64.8945,-23.7142,50.65,86,100,8.95
284,George,ZA,2021-06-28 20:42:49,-33.963,22.4617,47.75,100,75,5.75
285,Eidfjord,NO,2021-06-28 20:42:50,60.4675,7.0719,72.59,81,14,4.47
286,Haapiti,PF,2021-06-28 20:42:50,-17.5667,-149.8667,82.13,69,34,15.59
287,Cidreira,BR,2021-06-28 20:42:50,-30.1811,-50.2056,49.32,63,68,16.06
288,Fort-Shevchenko,KZ,2021-06-28 20:42:51,44.5086,50.263,85.41,44,61,5.21
289,Dimapur,IN,2021-06-28 20:42:51,25.9,93.7333,77.04,89,99,3.51
290,Paramonga,PE,2021-06-28 20:42:51,-10.6667,-77.8333,66.36,76,100,8.34
291,Kaeo,NZ,2021-06-28 20:42:52,-35.1,173.7833,49.32,94,84,9.6
292,Bereda,ES,2021-06-28 20:42:52,43.2686,-7.5406,55.92,90,30,2.42
293,Mangrol,IN,2021-06-28 20:42:52,21.1167,70.1167,84.02,76,90,11.88
294,Isla Mujeres,MX,2021-06-28 20:42:53,21.2311,-86.731,87.85,78,100,10.31
295,Ouadda,CF,2021-06-28 20:42:53,8.0777,22.4007,68.95,96,100,2.21
296,Rezekne,LV,2021-06-28 20:42:53,56.5,27.3167,58.3,95,8,6.62
297,Preobrazheniye,RU,2021-06-28 20:42:54,42.9019,133.9064,58.32,97,98,6.29
298,Tabuk,PH,2021-06-28 20:42:54,17.4189,121.4443,72.63,89,100,3.44
299,Sao Borja,BR,2021-06-28 20:42:54,-28.6606,-56.0044,43.99,68,14,10.71
300,Severo-Kurilsk,RU,2021-06-28 20:42:55,50.6789,156.125,47.97,87,96,8.1
301,Baker City,US,2021-06-28 20:42:55,44.7749,-117.8344,100.92,23,1,9.22
302,Pogradec,AL,2021-06-28 20:42:55,40.9025,20.6525,70.2,46,1,1.28
303,Fort Abbas,PK,2021-06-28 20:42:56,29.1925,72.8536,99.18,22,0,4.7
304,Palmer,US,2021-06-28 20:42:56,42.1584,-72.3287,96.15,52,40,8.01
305,Puerto Rico,AR,2021-06-28 20:42:56,-26.796,-55.024,42.87,72,6,3.31
306,Torbay,CA,2021-06-28 20:42:57,47.6666,-52.7314,57.27,96,90,20.71
307,Riyadh,SA,2021-06-28 20:41:17,24.6877,46.7219,96.94,9,2,5.91
308,Brae,GB,2021-06-28 20:42:57,60.3964,-1.353,51.71,87,89,9.01
309,Provideniya,RU,2021-06-28 20:42:57,64.3833,-173.3,48.31,76,90,8.95
310,Walla Walla,US,2021-06-28 20:42:58,46.0646,-118.343,111.27,22,1,3.0
311,Jackson,US,2021-06-28 20:38:46,42.4165,-122.8345,117.16,18,1,4.61
312,Robertsport,LR,2021-06-28 20:42:58,6.7533,-11.3686,78.19,79,98,7.78
313,Takanabe,JP,2021-06-28 20:42:58,32.1333,131.5,69.21,92,0,3.85
314,Puerto Madryn,AR,2021-06-28 20:42:59,-42.7692,-65.0385,46.58,41,7,10.74
315,Deqing,CN,2021-06-28 20:42:59,30.5448,119.9599,76.95,97,94,2.01
316,Maralal,KE,2021-06-28 20:42:59,1.0968,36.698,57.0,66,58,8.41
317,Port-Gentil,GA,2021-06-28 20:43:00,-0.7193,8.7815,78.76,78,40,10.36
318,Banda Aceh,ID,2021-06-28 20:43:00,5.5577,95.3222,79.92,78,93,8.97
319,Caravelas,BR,2021-06-28 20:43:00,-17.7125,-39.2481,69.78,72,0,4.97
320,Les Cayes,HT,2021-06-28 20:43:01,18.2,-73.75,83.71,71,100,9.01
321,Gogrial,SS,2021-06-28 20:43:01,8.5332,28.1004,74.07,88,67,5.37
322,Neiafu,TO,2021-06-28 20:43:01,-18.65,-173.9833,75.88,69,20,6.91
323,Angoram,PG,2021-06-28 20:43:02,-4.0625,144.0661,73.42,99,44,1.7
324,Lundazi,ZM,2021-06-28 20:43:02,-12.2929,33.1782,56.44,59,2,5.77
325,Isangel,VU,2021-06-28 20:43:02,-19.55,169.2667,75.96,79,6,3.4
326,Port Victoria,KE,2021-06-28 20:43:03,0.0939,33.9756,68.52,77,70,6.24
327,Fruitville,US,2021-06-28 20:43:03,27.3298,-82.4576,93.9,76,100,1.01
328,Alta Floresta,BR,2021-06-28 20:43:03,-9.8756,-56.0861,91.22,35,20,5.75
329,Kalemie,CD,2021-06-28 20:43:04,-5.9475,29.1947,70.03,58,78,4.0
330,Belmonte,BR,2021-06-28 20:43:04,-15.8631,-38.8828,75.7,74,0,8.1
331,Lowestoft,GB,2021-06-28 20:43:04,52.4752,1.7516,61.16,91,52,8.95
332,Bull Savanna,JM,2021-06-28 20:43:05,17.8868,-77.5902,81.07,73,100,15.68
333,Sayyan,YE,2021-06-28 20:43:05,15.1718,44.3244,64.76,35,34,0.98
334,Saurimo,AO,2021-06-28 20:43:05,-9.6608,20.3916,61.11,31,10,4.92
335,East London,ZA,2021-06-28 20:43:06,-33.0153,27.9116,60.73,75,0,12.46
336,Eston,CA,2021-06-28 20:42:17,51.1501,-108.7514,87.69,27,0,9.89
337,Sisophon,KH,2021-06-28 20:43:06,13.5859,102.9737,77.54,84,100,5.1
338,Calabaca,PH,2021-06-28 20:43:07,14.3001,122.4336,78.76,86,88,4.97
339,Klaksvik,FO,2021-06-28 20:43:07,62.2266,-6.589,49.12,95,75,10.02
340,Lufilufi,WS,2021-06-28 20:43:07,-13.8745,-171.5986,76.78,77,85,22.06
341,Sakaiminato,JP,2021-06-28 20:43:08,35.55,133.2333,71.58,88,75,5.75
342,Khokhlovo,RU,2021-06-28 20:43:08,59.1492,37.3998,66.22,98,100,4.72
343,Ternate,ID,2021-06-28 20:43:08,0.8,127.4,79.0,80,13,3.56
344,Kodinsk,RU,2021-06-28 20:43:09,58.6881,99.1844,47.46,93,30,2.86
345,San Cristobal,VE,2021-06-28 20:42:29,7.7669,-72.225,78.98,63,21,5.79
346,Kalispell,US,2021-06-28 20:39:40,48.1958,-114.3129,92.16,33,1,5.99
347,Beringovskiy,RU,2021-06-28 20:43:09,63.05,179.3167,49.6,69,63,4.38
348,Katsuura,JP,2021-06-28 20:43:09,35.1333,140.3,70.2,97,100,27.94
349,Kungurtug,RU,2021-06-28 20:43:10,50.5994,97.5228,38.89,89,0,1.1
350,Nordenham,DE,2021-06-28 20:43:10,53.5,8.4833,73.63,94,87,7.2
351,Pedernales,DO,2021-06-28 20:43:10,18.0384,-71.744,86.83,56,78,2.15
352,Key West,US,2021-06-28 20:43:11,24.5557,-81.7826,82.4,78,75,6.91
353,Middelburg,ZA,2021-06-28 20:43:11,-25.7751,29.4648,54.41,31,0,5.01
354,Aksu,CN,2021-06-28 20:39:12,41.1231,80.2644,78.78,25,93,3.96
355,Aleksandrovskiy Zavod,RU,2021-06-28 20:43:12,50.9237,117.9374,59.61,94,88,2.64
356,Riohacha,CO,2021-06-28 20:43:12,11.5444,-72.9072,91.17,53,88,15.86
357,Karabuk,TR,2021-06-28 20:40:39,41.2049,32.6277,64.8,94,1,0.36
358,Champerico,GT,2021-06-28 20:43:12,14.3,-91.9167,84.76,70,66,6.24
359,Christchurch,NZ,2021-06-28 20:43:13,-43.5333,172.6333,40.32,79,75,14.0
360,Rawson,AR,2021-06-28 20:43:13,-43.3002,-65.1023,47.01,35,3,9.1
361,Colesberg,ZA,2021-06-28 20:43:13,-30.72,25.0972,47.98,31,0,9.15
362,Roma,US,2021-06-28 20:43:14,43.2128,-75.4557,88.43,68,31,1.99
363,Aldan,RU,2021-06-28 20:43:14,58.6031,125.3894,64.2,73,97,3.29
364,Petrokamenskoye,RU,2021-06-28 20:43:14,57.716,60.6484,66.11,81,53,4.76
365,Melton,AU,2021-06-28 20:43:15,-37.6833,144.5833,46.04,96,0,4.27
366,Rio Viejo,CO,2021-06-28 20:43:15,8.5874,-73.839,91.85,51,19,0.67
367,Selishche,RU,2021-06-28 20:43:15,56.8879,33.2691,59.99,98,100,8.46
368,Lasa,IT,2021-06-28 20:43:16,46.6166,10.7002,75.11,85,74,4.18
369,Mwinilunga,ZM,2021-06-28 20:43:16,-11.7358,24.4293,56.46,50,9,4.65
370,Manta,EC,2021-06-28 20:43:16,-0.95,-80.7333,80.38,74,75,6.91
371,Arman,RU,2021-06-28 20:43:17,59.7,150.1667,57.58,67,19,4.38
372,Somerset West,ZA,2021-06-28 20:43:17,-34.084,18.8211,52.03,88,100,1.99
373,Correntina,BR,2021-06-28 20:43:18,-13.3433,-44.6367,72.54,36,0,4.85
374,College,US,2021-06-28 20:43:18,64.8569,-147.8028,67.21,50,75,5.75
375,Kargasok,RU,2021-06-28 20:43:18,59.0556,80.8572,53.71,73,87,6.69
376,Clyde River,CA,2021-06-28 20:43:19,70.4692,-68.5914,37.63,87,75,18.41
377,Abonnema,NG,2021-06-28 20:43:19,4.7084,6.7931,76.1,88,100,5.12
378,Aykhal,RU,2021-06-28 20:43:19,66.0,111.5,57.38,50,99,8.16
379,Conceicao Do Coite,BR,2021-06-28 20:43:19,-11.5639,-39.2828,68.86,77,76,7.7
380,Vao,NC,2021-06-28 20:43:20,-22.6667,167.4833,71.65,80,16,18.45
381,Lianran,CN,2021-06-28 20:43:20,24.9227,102.485,63.14,94,100,2.39
382,Nalut,LY,2021-06-28 20:43:20,30.3333,10.85,94.89,11,15,10.74
383,Vilyuysk,RU,2021-06-28 20:43:21,63.7553,121.6247,60.69,89,100,2.86
384,Saint-Joseph,RE,2021-06-28 20:43:21,-21.3667,55.6167,68.38,81,35,11.12
385,Bandarbeyla,SO,2021-06-28 20:43:21,9.4942,50.8122,77.76,77,6,28.92
386,Namatanai,PG,2021-06-28 20:43:22,-3.6667,152.4333,80.28,80,90,8.39
387,Russell,US,2021-06-28 20:43:22,32.3502,-85.1999,89.31,54,20,9.42
388,Pendra,IN,2021-06-28 20:43:22,22.7667,81.95,77.29,81,97,5.01
389,Tiksi,RU,2021-06-28 20:43:23,71.6872,128.8694,31.59,95,100,5.97
390,Petropavlovsk-Kamchatskiy,RU,2021-06-28 20:43:23,53.0452,158.6483,46.99,100,90,0.0
391,La Ronge,CA,2021-06-28 20:43:23,55.1001,-105.2842,86.25,32,75,6.91
392,Noumea,NC,2021-06-28 20:43:24,-22.2763,166.4572,72.0,99,49,6.24
393,Urumqi,CN,2021-06-28 20:43:24,43.801,87.6005,65.35,28,0,2.24
394,Tomatlan,MX,2021-06-28 20:43:24,19.9333,-105.25,73.49,91,100,6.44
395,Port Elizabeth,ZA,2021-06-28 20:43:25,-33.918,25.5701,57.49,82,90,13.8
396,Touros,BR,2021-06-28 20:43:25,-5.1989,-35.4608,79.7,73,9,18.41
397,Greenwood,US,2021-06-28 20:42:20,34.1668,-82.1165,90.19,58,40,1.99
398,Guinope,HN,2021-06-28 20:43:25,13.8833,-86.9333,82.49,76,93,3.33
399,Zhuhai,CN,2021-06-28 20:43:26,22.2769,113.5678,84.11,89,40,12.66
400,Opuwo,NA,2021-06-28 20:43:26,-18.0607,13.84,60.96,29,6,1.92
401,Isoka,ZM,2021-06-28 20:43:26,-10.1606,32.6335,54.21,67,9,0.89
402,Flinders,AU,2021-06-28 20:43:27,-34.5833,150.8552,55.8,90,5,1.01
403,Matay,EG,2021-06-28 20:43:27,28.419,30.7792,88.88,28,0,17.54
404,Simpang,ID,2021-06-28 20:43:27,-1.2667,104.0833,72.9,98,92,2.84
405,Portel,BR,2021-06-28 20:43:28,-1.9356,-50.8211,77.58,85,93,2.84
406,Nara,JP,2021-06-28 20:43:14,34.6851,135.8049,70.5,94,100,2.91
407,Gazanjyk,TM,2021-06-28 20:43:28,39.2446,55.5154,87.15,21,0,4.36
408,Kutum,SD,2021-06-28 20:43:28,14.2,24.6667,80.53,38,58,6.55
409,Villaviciosa,ES,2021-06-28 20:43:29,43.4813,-5.4357,64.96,81,100,9.66
410,Sabla,NG,2021-06-28 20:43:29,12.7525,4.7077,92.5,38,84,7.67
411,Kaitangata,NZ,2021-06-28 20:43:30,-46.2817,169.8464,42.93,55,49,16.37
412,Jian,CN,2021-06-28 20:43:30,27.1172,114.9793,77.2,95,100,1.97
413,Broome,US,2021-06-28 20:43:30,42.2506,-75.833,93.69,55,20,4.0
414,Pimentel,PE,2021-06-28 20:43:31,-6.8367,-79.9342,75.49,77,0,7.0
415,Victoria,HK,2021-06-28 20:43:07,22.2855,114.1577,86.05,91,100,1.01
416,Carutapera,BR,2021-06-28 20:43:31,-1.195,-46.02,77.38,84,28,5.37
417,Richards Bay,ZA,2021-06-28 20:43:32,-28.783,32.0377,72.27,30,3,11.81
418,Kandi,BJ,2021-06-28 20:43:32,11.1342,2.9386,83.21,54,1,4.32
419,Ilorin,NG,2021-06-28 20:43:32,8.5,4.55,76.15,80,99,7.54
420,Ilhabela,BR,2021-06-28 20:43:32,-23.7781,-45.3581,68.63,88,78,6.78
421,Brzesko,PL,2021-06-28 20:43:08,49.9691,20.6061,68.05,75,15,4.83
422,Tigil,RU,2021-06-28 20:43:33,57.8,158.6667,57.67,62,1,7.72
423,Grand Gaube,MU,2021-06-28 20:43:33,-20.0064,57.6608,72.0,81,0,3.0
424,Oktyabrskoye,RU,2021-06-28 20:43:34,43.0645,44.7417,69.94,88,100,6.71
425,Tonkino,RU,2021-06-28 20:43:34,57.3726,46.4629,66.9,95,100,7.52
426,Ostersund,SE,2021-06-28 20:43:34,63.1792,14.6357,57.65,51,24,8.05
427,Evensk,RU,2021-06-28 20:43:35,61.95,159.2333,58.57,66,9,2.8
428,Adrar,MR,2021-06-28 20:43:35,20.5022,-10.0711,99.79,7,31,15.9
429,Cayenne,GF,2021-06-28 20:43:35,4.9333,-52.3333,82.44,83,0,1.01
430,Hachinohe,JP,2021-06-28 20:43:36,40.5,141.5,62.82,100,90,3.44
431,Wanning,CN,2021-06-28 20:43:36,18.8003,110.3967,81.66,82,100,10.16
432,Geraldton,AU,2021-06-28 20:43:36,-28.7667,114.6,55.81,94,90,10.36
433,Saint-Augustin,CA,2021-06-28 20:43:37,51.226,-58.6502,61.99,65,52,11.63
434,Carmelo,UY,2021-06-28 20:39:09,-33.9892,-58.2856,49.15,60,79,17.69
435,Rialma,BR,2021-06-28 20:43:37,-15.315,-49.5844,74.05,32,0,0.22
436,Tottori,JP,2021-06-28 20:43:37,35.5,134.2333,69.01,94,86,1.01
437,Bonthe,SL,2021-06-28 20:43:38,7.5264,-12.505,77.72,84,100,6.06
438,Hobyo,SO,2021-06-28 20:43:38,5.3505,48.5268,77.61,85,100,24.23
439,Buala,SB,2021-06-28 20:43:38,-8.145,159.5921,79.54,81,84,8.1
440,Aguie,NE,2021-06-28 20:43:39,13.506,7.7786,91.56,34,70,10.56
441,Fairbanks,US,2021-06-28 20:41:29,64.8378,-147.7164,68.59,51,75,6.91
442,Baruun-Urt,MN,2021-06-28 20:43:39,46.6806,113.2792,64.53,79,100,8.39
443,Araouane,ML,2021-06-28 20:43:40,18.9048,-3.5265,98.51,13,26,11.34
444,Horconcitos,PA,2021-06-28 20:43:40,8.4682,-81.8007,75.24,81,94,1.68
445,Kudahuvadhoo,MV,2021-06-28 20:43:40,2.6708,72.8944,81.86,74,100,8.81
446,Corpus Christi,US,2021-06-28 20:41:56,27.8006,-97.3964,89.71,72,90,8.99
447,Belyy Yar,RU,2021-06-28 20:43:41,53.6039,91.3903,58.89,82,0,6.71
448,York,US,2021-06-28 20:41:36,40.1254,-77.0,94.14,52,1,6.91
449,General Roca,AR,2021-06-28 20:43:41,-39.0333,-67.5833,52.2,25,4,7.0
450,Mehamn,NO,2021-06-28 20:43:42,71.0357,27.8492,48.15,87,75,9.22
451,Biloela,AU,2021-06-28 20:43:42,-24.4167,150.5,53.56,92,0,9.78
452,Coos Bay,US,2021-06-28 20:43:42,43.3665,-124.2179,82.31,70,1,16.11
453,Abha,SA,2021-06-28 20:43:43,18.2164,42.5053,71.42,64,0,0.0
454,Urusha,RU,2021-06-28 20:43:43,54.05,122.9,63.52,77,18,3.96
455,Warmbad,NA,2021-06-28 20:43:43,-28.45,18.7333,53.44,42,5,3.4
456,Oranjemund,NA,2021-06-28 20:43:44,-28.55,16.4333,57.9,68,2,6.42
457,Krasnoselkup,RU,2021-06-28 20:43:44,65.7,82.4667,42.69,70,58,7.72
458,Fortuna,US,2021-06-28 20:43:45,40.5982,-124.1573,89.19,63,20,4.0
459,Saint-Louis,SN,2021-06-28 20:43:45,16.3333,-15.0,91.17,30,0,16.98
460,Pringsewu,ID,2021-06-28 20:43:45,-5.3582,104.9744,72.36,96,65,2.13
461,Makakilo City,US,2021-06-28 20:43:45,21.3469,-158.0858,82.72,50,20,11.5
462,Kitimat,CA,2021-06-28 20:43:46,54.0524,-128.6534,89.98,30,0,1.72
463,Dakar,SN,2021-06-28 20:43:46,14.6937,-17.4441,83.28,83,0,4.61
464,Shache,CN,2021-06-28 20:43:47,38.4167,77.2406,81.3,23,100,12.88
465,Miyako,JP,2021-06-28 20:43:47,39.6367,141.9525,65.79,90,100,2.33
466,Hervey Bay,AU,2021-06-28 20:42:04,-25.2986,152.8535,60.04,75,25,13.8
467,Winona,US,2021-06-28 20:43:48,43.9666,-91.7668,83.62,77,100,6.98
468,Kharan,PK,2021-06-28 20:43:48,28.5833,65.4167,90.0,7,0,4.72
469,Namibe,AO,2021-06-28 20:43:48,-15.1961,12.1522,65.64,86,57,5.14
470,Bunbury,AU,2021-06-28 20:43:49,-33.3333,115.6333,50.81,76,100,22.24
471,Qaanaaq,GL,2021-06-28 20:43:49,77.484,-69.3632,37.85,81,78,4.12
472,Rawah,IQ,2021-06-28 20:43:49,34.4816,41.9093,95.67,16,0,9.46
473,Padang,ID,2021-06-28 20:43:50,-0.9492,100.3543,75.74,88,92,3.62
474,Abu Samrah,SY,2021-06-28 20:43:50,35.3029,37.1841,81.03,40,0,7.85
475,Llanes,ES,2021-06-28 20:43:50,43.4198,-4.7549,64.89,83,93,18.03
476,Faya,SA,2021-06-28 20:43:51,18.3851,42.4509,71.71,51,65,0.78
477,Suruc,TR,2021-06-28 20:43:51,36.9761,38.425,84.4,31,0,12.97
478,Turukhansk,RU,2021-06-28 20:43:51,65.8167,87.9833,47.03,92,93,10.07
479,Muzhi,RU,2021-06-28 20:43:52,65.3667,64.6667,45.88,66,36,2.64
480,Esperance,AU,2021-06-28 20:43:52,-33.8667,121.9,55.24,78,1,19.08
481,Saquena,PE,2021-06-28 20:43:52,-4.6667,-73.5167,82.22,72,98,3.56
482,Ulaangom,MN,2021-06-28 20:43:53,49.9811,92.0667,58.17,42,100,5.26
483,Inuvik,CA,2021-06-28 20:43:53,68.3499,-133.7218,75.96,37,75,11.5
484,Laguna,US,2021-06-28 20:43:53,38.421,-121.4238,105.21,36,1,6.91
485,Vieques,PR,2021-06-28 20:43:54,18.425,-65.8329,85.84,78,75,14.97
486,Mana,GF,2021-06-28 20:43:54,5.6592,-53.7767,77.81,89,99,4.18
487,Strezhevoy,RU,2021-06-28 20:43:54,60.7333,77.5889,58.98,86,100,1.5
488,Vicuna,CL,2021-06-28 20:43:55,-30.0319,-70.7081,53.33,9,0,3.13
489,Sarakhs,IR,2021-06-28 20:43:55,36.5449,61.1577,84.34,28,1,2.3
490,Poum,NC,2021-06-28 20:43:55,-20.2333,164.0167,73.78,80,8,15.66
491,Chumikan,RU,2021-06-28 20:43:56,54.7183,135.315,44.58,95,92,3.85
492,Llallagua,BO,2021-06-28 20:43:56,-18.4167,-66.6333,46.69,15,78,18.99
493,Hoquiam,US,2021-06-28 20:43:56,46.9809,-123.8893,106.93,45,1,16.11
494,Sarh,TD,2021-06-28 20:43:57,9.1429,18.3923,78.71,83,0,0.0
495,Nikologory,RU,2021-06-28 20:43:57,56.1413,41.9922,68.29,93,96,10.78
496,Dromolaxia,CY,2021-06-28 20:43:57,34.8761,33.586,87.46,47,0,0.0
497,Xiongzhou,CN,2021-06-28 20:43:58,25.1167,114.3,77.05,96,100,3.42
498,Kununurra,AU,2021-06-28 20:43:58,-15.7667,128.7333,57.18,82,27,1.14
499,Palau,PW,2021-06-28 20:43:58,7.503,134.621,76.96,88,75,3.44
500,Zabrani,RO,2021-06-28 20:43:59,46.0667,21.55,77.18,53,2,6.13
501,Muli,MV,2021-06-28 20:43:59,2.9167,73.5667,81.86,74,98,10.56
502,Mago,RU,2021-06-28 20:43:59,53.2514,140.1822,54.55,80,100,4.97
503,Hami,CN,2021-06-28 20:39:09,42.8,93.45,73.58,16,0,11.12
504,Soyo,AO,2021-06-28 20:44:00,-6.1349,12.3689,73.85,85,11,9.62
505,Shelburne,CA,2021-06-28 20:44:00,44.0787,-80.2041,85.89,55,2,10.27
506,Makubetsu,JP,2021-06-28 20:44:00,45.3714,141.8211,54.32,90,34,13.58
507,Muncar,ID,2021-06-28 20:44:01,-8.4333,114.3333,74.53,90,67,1.74
508,Tyrma,RU,2021-06-28 20:44:01,50.0833,132.1667,59.95,98,65,2.71
509,Tougue,GN,2021-06-28 20:44:01,11.4667,-11.6,64.29,90,68,7.27
510,Acarau,BR,2021-06-28 20:44:02,-2.8856,-40.12,78.44,77,9,9.04
511,Seybaplaya,MX,2021-06-28 20:44:02,19.65,-90.6667,90.86,59,100,11.52
512,Mitsamiouli,KM,2021-06-28 20:44:03,-11.3847,43.2844,77.05,71,6,2.66
513,Boca Do Acre,BR,2021-06-28 20:44:03,-8.7522,-67.3978,82.92,63,52,4.45
514,Charters Towers,AU,2021-06-28 20:44:04,-20.1,146.2667,63.43,85,100,8.08
515,Vela,RO,2021-06-28 20:44:04,44.2833,23.4167,74.14,55,0,4.81
516,Yagodnoye,RU,2021-06-28 20:44:04,62.55,149.6667,75.22,30,32,2.82
517,Chandbali,IN,2021-06-28 20:44:05,20.7833,86.7667,83.08,82,100,11.43
518,Paamiut,GL,2021-06-28 20:44:05,61.994,-49.6678,38.95,87,37,17.94
519,Las Cruces,US,2021-06-28 20:44:05,32.3123,-106.7783,70.56,86,90,3.0
520,Isparta,TR,2021-06-28 20:44:05,38.0,31.0,68.76,61,0,10.18
521,Dezful,IR,2021-06-28 20:44:06,32.3811,48.4058,98.22,12,0,3.65
522,Ambon,ID,2021-06-28 20:44:06,-3.6954,128.1814,75.34,94,75,6.91
523,Elko,US,2021-06-28 20:44:06,41.0002,-115.5012,90.64,11,0,10.0
524,Kachug,RU,2021-06-28 20:44:07,53.9606,105.8817,51.08,87,100,5.17
525,Abu Kamal,SY,2021-06-28 20:44:07,34.4506,40.9171,94.87,16,0,9.53
526,Gorom-Gorom,BF,2021-06-28 20:44:08,14.4439,-0.2361,96.66,30,0,10.31
527,Panjab,AF,2021-06-28 20:44:08,34.388,67.0233,52.47,57,14,4.45
528,Quelimane,MZ,2021-06-28 20:44:09,-17.8786,36.8883,69.75,88,0,5.75
529,Yasnogorsk,RU,2021-06-28 20:44:09,54.4803,37.6975,64.11,97,94,12.28
530,Brigantine,US,2021-06-28 20:44:00,39.4101,-74.3646,94.26,69,1,11.5
531,Erzincan,TR,2021-06-28 20:44:10,39.75,39.5,72.7,53,40,13.8
532,Blackwater,AU,2021-06-28 20:44:10,-23.5833,148.8833,54.77,84,6,10.47
533,Te Anau,NZ,2021-06-28 20:44:11,-45.4167,167.7167,30.67,93,88,0.45
534,Imbituba,BR,2021-06-28 20:44:12,-28.24,-48.6703,55.81,92,100,8.86
535,Pasuruan,ID,2021-06-28 20:44:12,-7.6453,112.9075,76.89,84,35,4.21
536,Ushtobe,KZ,2021-06-28 20:44:12,45.2514,77.9838,67.53,30,4,8.55
537,Byron Bay,AU,2021-06-28 20:44:13,-28.65,153.6167,58.87,85,56,7.38
538,Uruguaiana,BR,2021-06-28 20:44:13,-29.7547,-57.0883,48.13,66,75,14.97
539,Pandan,PH,2021-06-28 20:44:13,14.0453,124.1694,80.15,79,52,3.83
540,Bozeman,US,2021-06-28 20:41:29,45.6796,-111.0386,85.19,32,1,1.01
541,Santa Rosa,PH,2021-06-28 20:44:14,14.3122,121.1114,79.11,91,90,2.42
542,Isernia,IT,2021-06-28 20:44:14,41.6002,14.2382,73.67,58,0,2.95
543,Zabaykalsk,RU,2021-06-28 20:44:14,49.6333,117.3167,63.43,89,86,5.32
544,Orsha,BY,2021-06-28 20:44:15,54.5153,30.4053,59.63,96,77,7.85
545,Kupang,ID,2021-06-28 20:44:15,-10.1667,123.5833,75.04,78,0,12.64
546,Salta,AR,2021-06-28 20:44:15,-24.7859,-65.4117,50.59,52,0,8.01
547,Northam,GB,2021-06-28 20:44:16,51.0333,-4.2167,61.43,94,98,4.72
548,Puerto Narino,CO,2021-06-28 20:44:16,-3.7703,-70.3831,89.55,90,43,1.83
549,Sitka,US,2021-06-28 20:44:17,57.0531,-135.33,71.49,60,1,0.0
550,Kedrovyy,RU,2021-06-28 20:44:17,56.1667,91.8167,54.01,99,100,4.61
551,Maua,BR,2021-06-28 20:44:17,-23.6678,-46.4614,64.36,88,100,7.36
552,Chinhoyi,ZW,2021-06-28 20:44:17,-17.3667,30.2,56.7,51,1,2.19
553,Datong,CN,2021-06-28 20:44:18,40.0936,113.2914,73.26,52,100,6.4
554,Khorixas,NA,2021-06-28 20:44:18,-20.3667,14.9667,61.63,40,18,0.49
555,Louviers,FR,2021-06-28 20:44:18,49.2167,1.1667,63.41,94,33,4.61
556,Porto Novo,BJ,2021-06-28 20:44:19,6.4965,2.6036,80.42,90,97,5.59
557,Moose Factory,CA,2021-06-28 20:44:19,51.2585,-80.6094,80.6,54,40,9.22
558,Asyut,EG,2021-06-28 20:44:19,27.181,31.1837,96.98,17,0,14.9
559,Kamenka,RU,2021-06-28 20:44:20,51.3223,42.7678,68.72,90,0,6.08
560,Pevek,RU,2021-06-28 20:44:20,69.7008,170.3133,37.74,93,100,1.79
561,Hanzhong,CN,2021-06-28 20:44:20,33.0728,107.0303,71.92,75,83,1.77
562,Kathu,TH,2021-06-28 20:44:21,7.9178,98.3332,86.7,71,58,7.52
563,Zhengjiatun,CN,2021-06-28 20:44:21,43.5064,123.5064,66.2,94,8,5.12
564,Sao Filipe,CV,2021-06-28 20:44:21,14.8961,-24.4956,76.53,78,19,8.63
565,Mian Channun,PK,2021-06-28 20:44:22,30.44,72.3543,97.39,23,0,5.95
566,Tessalit,ML,2021-06-28 20:44:22,20.1986,1.0114,96.55,8,1,8.55
567,Talcahuano,CL,2021-06-28 20:40:16,-36.7167,-73.1167,58.68,41,0,9.22
568,Deputatskiy,RU,2021-06-28 20:44:23,69.3,139.9,56.41,77,100,4.99
569,Mersin,TR,2021-06-28 20:44:23,36.862,34.6509,79.95,66,1,5.1
570,Agirish,RU,2021-06-28 20:44:23,61.9247,63.0231,56.84,64,79,7.36
571,Diu,IN,2021-06-28 20:44:24,20.7141,70.9822,82.92,78,49,11.97
572,Capitao Poco,BR,2021-06-28 20:44:24,-1.7464,-47.0594,76.57,84,33,3.96
573,Broken Hill,AU,2021-06-28 20:44:24,-31.95,141.4333,44.31,87,0,16.11
574,Mirabad,AF,2021-06-28 20:44:25,30.4362,61.8383,88.99,11,0,11.86
575,Saint-Georges,GD,2021-06-28 20:44:25,12.0564,-61.7485,85.68,74,20,20.71
576,Nome,US,2021-06-28 20:40:37,64.5011,-165.4064,50.16,76,90,12.66
577,Sari,IR,2021-06-28 20:44:26,36.5633,53.0601,83.01,35,0,3.8
578,Komsomolskiy,UZ,2021-06-28 20:44:26,40.4272,71.7189,83.12,20,23,11.5
579,Pokhara,NP,2021-06-28 20:43:53,28.2333,83.9833,73.38,87,75,3.09
580,Coihaique,CL,2021-06-28 20:44:26,-45.5752,-72.0662,39.81,86,0,3.44
581,Sassenberg,DE,2021-06-28 20:44:27,52.0,8.05,72.36,90,39,6.33
582,Eenhana,NA,2021-06-28 20:44:27,-17.4667,16.3333,62.35,27,23,3.4
583,Liepaja,LV,2021-06-28 20:44:27,56.5419,21.0367,64.38,88,7,3.44
584,Young,UY,2021-06-28 20:44:28,-32.6833,-57.6333,45.23,60,99,14.85
585,Chornobay,UA,2021-06-28 20:44:28,49.6708,32.3239,63.55,89,47,8.81
586,Elat,IL,2021-06-28 20:44:28,29.5581,34.9482,98.44,49,0,11.5
587,Kearney,US,2021-06-28 20:42:08,40.6995,-99.0815,81.52,50,40,3.44
588,Gorontalo,ID,2021-06-28 20:44:29,0.5412,123.0595,73.09,95,64,2.04
589,Anito,PH,2021-06-28 20:44:29,12.4497,125.2886,77.5,90,63,4.14
590,Ust-Tsilma,RU,2021-06-28 20:44:29,65.441,52.1498,59.16,74,100,6.2
591,Kashira,RU,2021-06-28 20:44:30,54.8444,38.1669,70.14,95,50,8.41
592,Asosa,ET,2021-06-28 20:44:30,10.0667,34.5333,61.86,94,100,3.42
